Sample,Sample.ID,Fragment,Date,TP,Disease,Status,Group,Plate,Sample.Plate,Run ,,,,,,,,,,,,,,,,,,,,,,Reactions ,Plates,samples,Replicate ,
Sample 1,194,A_740,2023-05-15,T1,Placebo,AH,1,ZZ_AP_Plate1Ofav_data,Sample 1_ZZ_AP_Plate1Ofav_data.csv,2023-06-20,,,,,,1,2,3,4,5,6,7,8,9,10,11,12,,Master mix ,,Total for 2 plates + extra,48,2,12,2,
Sample 2,195,C_534,2023-05-15,T1,Placebo,AH,,ZZ_AP_Plate1Ofav_data,Sample 2_ZZ_AP_Plate1Ofav_data.csv,2023-06-20,,,,Ofav,A,194,195,196,197,198,199,200,201,202,203,204,205,,water,3.94,220.64,Make 56,,,,
Sample 3,196,D_535,2023-05-15,T1,Placebo,AH,,ZZ_AP_Plate1Ofav_data,Sample 3_ZZ_AP_Plate1Ofav_data.csv,2023-06-20,,,,,B,,,,,,,,,,,,,,sybr,5,280,,,,,
Sample 4,197,D_536,2023-05-15,T1,SCTLD,AH,,ZZ_AP_Plate1Ofav_data,Sample 4_ZZ_AP_Plate1Ofav_data.csv,2023-06-20,,,,A,C,1,2,3,4,5,6,7,8,9,10,11,12,,F@100uM,0.03,1.68,,,,,
Sample 5,198,C_513,2023-05-15,T1,SCTLD,AH,,ZZ_AP_Plate1Ofav_data,Sample 5_ZZ_AP_Plate1Ofav_data.csv,2023-06-20,,,,,D,,,,,,,,,,,,,,R@100uM,0.03,1.68,,,,,
Sample 6,199,A_19,2023-05-15,T1,SCTLD,AH,,ZZ_AP_Plate1Ofav_data,Sample 6_ZZ_AP_Plate1Ofav_data.csv,2023-06-20,,,,B,E,1,2,3,4,5,6,7,8,9,10,11,12,,,9,504,,,,,
Sample 7,200,A_74,2023-05-15,T1,SCTLD,AH,,ZZ_AP_Plate1Ofav_data,Sample 7_ZZ_AP_Plate1Ofav_data.csv,2023-06-20,,,,,F,,,,,,,,,,,,,,,,9,,,,,
Sample 8,201,C_514,2023-05-15,T1,SCTLD,AH,,ZZ_AP_Plate1Ofav_data,Sample 8_ZZ_AP_Plate1Ofav_data.csv,2023-06-20,,,,D,G,1,2,3,4,5,6,7,8,9,10,11,12,,,Total amount / cell,10,,,,,
Sample 9,202,D_537,2023-05-15,T1,SCTLD,AH,,ZZ_AP_Plate1Ofav_data,Sample 9_ZZ_AP_Plate1Ofav_data.csv,2023-06-20,,,,,H,,,,,,,,,,,,,,,(1 microL of DNA),,,,,,
Sample 10,203,D_538,2023-05-15,T1,SCTLD,AH,,ZZ_AP_Plate1Ofav_data,Sample 10_ZZ_AP_Plate1Ofav_data.csv,2023-06-20,,,,,,,,,,,,,,,,,,,,,,,,,,
Sample 11,204,C_515,2023-05-15,T1,SCTLD,AH,,ZZ_AP_Plate1Ofav_data,Sample 11_ZZ_AP_Plate1Ofav_data.csv,2023-06-20,,,,,,,,,,,,,,,,,,,Master mix ,,Total for 2 plates + extra,,,,,
Sample 12,205,A_79,2023-05-15,T1,SCTLD,AH,,ZZ_AP_Plate1Ofav_data,Sample 12_ZZ_AP_Plate1Ofav_data.csv,2023-06-20,,,,,,,,,,,,,,,,,,,water,3.4,190.4,,,,,
Sample 1,206,D_543,2023-05-15,T1,SCTLD,AH,2,ZZ_AP_Plate2Ofav_data,Sample 1_ZZ_AP_Plate2Ofav_data.csv,2023-06-20,,,,,,1,2,3,4,5,6,7,8,9,10,11,12,,sybr,5,280,,,,,
Sample 2,207,C_520,2023-05-15,T1,SCTLD,AH,,ZZ_AP_Plate2Ofav_data,Sample 2_ZZ_AP_Plate2Ofav_data.csv,2023-06-20,,,,Ofav,A,206,207,208,209,210,211,212,213,214,215,216,NTC,,F@10uM,0.3,16.8,,,,,
Sample 3,208,A_105,2023-05-15,T1,SCTLD,AH,,ZZ_AP_Plate2Ofav_data,Sample 3_ZZ_AP_Plate2Ofav_data.csv,2023-06-20,,,,,B,,,,,,,,,,,,,,R@10uM,0.3,16.8,,,,,
Sample 4,209,D_873,2023-05-15,T1,Placebo,AH,,ZZ_AP_Plate2Ofav_data,Sample 4_ZZ_AP_Plate2Ofav_data.csv,2023-06-20,,,,A,C,1,2,3,4,5,6,7,8,9,10,11,NTC,,,9,504,,,,,
Sample 5,210,A_109,2023-05-15,T1,SCTLD,AH,,ZZ_AP_Plate2Ofav_data,Sample 5_ZZ_AP_Plate2Ofav_data.csv,2023-06-20,,,,,D,,,,,,,,,,,,,,,,9,,,,,
Sample 6,211,D_545,2023-05-15,T1,SCTLD,AH,,ZZ_AP_Plate2Ofav_data,Sample 6_ZZ_AP_Plate2Ofav_data.csv,2023-06-20,,,,B,E,1,2,3,4,5,6,7,8,9,10,11,NTC,,,Total amount / cell,10,,,,,
Sample 7,212,C_522,2023-05-15,T1,SCTLD,AH,,ZZ_AP_Plate2Ofav_data,Sample 7_ZZ_AP_Plate2Ofav_data.csv,2023-06-20,,,,,F,,,,,,,,,,,,,,,(1 microL of DNA),,,,,,
Sample 8,213,C_524,2023-05-15,T1,SCTLD,AH,,ZZ_AP_Plate2Ofav_data,Sample 8_ZZ_AP_Plate2Ofav_data.csv,2023-06-20,,,,D,G,1,2,3,4,5,6,7,8,9,10,11,NTC,,,,,,,,,
Sample 9,214,A_121,2023-05-15,T1,SCTLD,AH,,ZZ_AP_Plate2Ofav_data,Sample 9_ZZ_AP_Plate2Ofav_data.csv,2023-06-20,,,,,H,,,,,,,,,,,,,,,,,,,,,
Sample 10,215,A_107,2023-05-15,T1,SCTLD,AH,,ZZ_AP_Plate2Ofav_data,Sample 10_ZZ_AP_Plate2Ofav_data.csv,2023-06-20,,,,,,,,,,,,,,,,,,,,,,,,,,
Sample 11,216,C_521,2023-05-15,T1,SCTLD,AH,,ZZ_AP_Plate2Ofav_data,Sample 11_ZZ_AP_Plate2Ofav_data.csv,2023-06-20,,,,,,,,,,,,,,,,,,,,,,,,,,
Sample 1,217,D_544,2023-05-15,T1,SCTLD,AH,3,ZZ_AP_Plate3Ofav_data,Sample 1_ZZ_AP_Plate3Ofav_data.csv,2023-06-21,,,,,,1,2,3,4,5,6,7,8,9,10,11,12,,,,,,,,,
Sample 2,218,C_523,2023-05-15,T1,SCTLD,AH,,ZZ_AP_Plate3Ofav_data,Sample 2_ZZ_AP_Plate3Ofav_data.csv,2023-06-21,,,,Ofav,A,217,218,219,220,221,222,233,234,235,236,237,238,,,,,,,,,
Sample 3,219,A_110,2023-05-15,T1,SCTLD,AH,,ZZ_AP_Plate3Ofav_data,Sample 3_ZZ_AP_Plate3Ofav_data.csv,2023-06-21,,,,,B,,,,,,,,,,,,,,,,,,,,,
Sample 4,220,D_546,2023-05-15,T1,SCTLD,AH,,ZZ_AP_Plate3Ofav_data,Sample 4_ZZ_AP_Plate3Ofav_data.csv,2023-06-21,,,,A,C,1,2,3,4,5,6,7,8,9,10,11,12,,,,,,,,,
Sample 5,221,A_111,2023-05-15,T1,SCTLD,AH,,ZZ_AP_Plate3Ofav_data,Sample 5_ZZ_AP_Plate3Ofav_data.csv,2023-06-21,,,,,D,,,,,,,,,,,,,,,,,,,,,
Sample 6,222,D_868,2023-05-15,T1,Placebo,AH,,ZZ_AP_Plate3Ofav_data,Sample 6_ZZ_AP_Plate3Ofav_data.csv,2023-06-21,,,,B,E,1,2,3,4,5,6,7,8,9,10,11,12,,,,,,,,,
Sample 7,233,C_511,2023-05-15,T1,Placebo,AH,,ZZ_AP_Plate3Ofav_data,Sample 7_ZZ_AP_Plate3Ofav_data.csv,2023-06-21,,,,,F,,,,,,,,,,,,,,,,,,,,,
Sample 8,234,A_214,2023-05-15,T1,Placebo,AH,,ZZ_AP_Plate3Ofav_data,Sample 8_ZZ_AP_Plate3Ofav_data.csv,2023-06-21,,,,D,G,1,2,3,4,5,6,7,8,9,10,11,12,,,,,,,,,
Sample 9,235,A_287,2023-05-15,T1,SCTLD,AH,,ZZ_AP_Plate3Ofav_data,Sample 9_ZZ_AP_Plate3Ofav_data.csv,2023-06-21,,,,,H,,,,,,,,,,,,,,,,,,,,,
Sample 10,236,C_529,2023-05-15,T1,SCTLD,AH,,ZZ_AP_Plate3Ofav_data,Sample 10_ZZ_AP_Plate3Ofav_data.csv,2023-06-21,,,,,,,,,,,,,,,,,,,,,,,,,,
Sample 11,237,D_549,2023-05-15,T1,SCTLD,AH,,ZZ_AP_Plate3Ofav_data,Sample 11_ZZ_AP_Plate3Ofav_data.csv,2023-06-21,,,,,,,,,,,,,,,,,,,,,,,,,,
Sample 12,238,D_860,2023-05-15,T1,SCTLD,AH,,ZZ_AP_Plate3Ofav_data,Sample 12_ZZ_AP_Plate3Ofav_data.csv,2023-06-21,,,,,,,,,,,,,,,,,,,,,,,,,,
Sample 1,239,C_530,2023-05-15,T1,SCTLD,AH,4,ZZ_AP_Plate4Ofav_data,Sample 1_ZZ_AP_Plate4Ofav_data.csv,2023-06-21,,,,,,1,2,3,4,5,6,7,8,9,10,11,12,,,,,,,,,
Sample 2,240,A_305,2023-05-15,T1,SCTLD,AH,,ZZ_AP_Plate4Ofav_data,Sample 2_ZZ_AP_Plate4Ofav_data.csv,2023-06-21,,,,Ofav,A,239,240,241,242,243,244,245,246,247,248,249,NTC,,,,,,,,,
Sample 3,241,A_310,2023-05-15,T1,SCTLD,AH,,ZZ_AP_Plate4Ofav_data,Sample 3_ZZ_AP_Plate4Ofav_data.csv,2023-06-21,,,,,B,,,,,,,,,,,,,,,,,,,,,
Sample 4,242,C_531,2023-05-15,T1,SCTLD,AH,,ZZ_AP_Plate4Ofav_data,Sample 4_ZZ_AP_Plate4Ofav_data.csv,2023-06-21,,,,A,C,1,2,3,4,5,6,7,8,9,10,11,NTC,,,,,,,,,
Sample 5,243,D_861,2023-05-15,T1,SCTLD,AH,,ZZ_AP_Plate4Ofav_data,Sample 5_ZZ_AP_Plate4Ofav_data.csv,2023-06-21,,,,,D,,,,,,,,,,,,,,,,,,,,,
Sample 6,244,A_96,2023-05-15,T1,SCTLD,AH,,ZZ_AP_Plate4Ofav_data,Sample 6_ZZ_AP_Plate4Ofav_data.csv,2023-06-21,,,,B,E,1,2,3,4,5,6,7,8,9,10,11,NTC,,,,,,,,,
Sample 7,245,C_519,2023-05-15,T1,SCTLD,AH,,ZZ_AP_Plate4Ofav_data,Sample 7_ZZ_AP_Plate4Ofav_data.csv,2023-06-21,,,,,F,,,,,,,,,,,,,,,,,,,,,
Sample 8,246,D_542,2023-05-15,T1,SCTLD,AH,,ZZ_AP_Plate4Ofav_data,Sample 8_ZZ_AP_Plate4Ofav_data.csv,2023-06-21,,,,D,G,1,2,3,4,5,6,7,8,9,10,11,NTC,,,,,,,,,
Sample 9,247,D_541,2023-05-15,T1,SCTLD,AH,,ZZ_AP_Plate4Ofav_data,Sample 9_ZZ_AP_Plate4Ofav_data.csv,2023-06-21,,,,,H,,,,,,,,,,,,,,,,,,,,,
Sample 10,248,C_518,2023-05-15,T1,SCTLD,AH,,ZZ_AP_Plate4Ofav_data,Sample 10_ZZ_AP_Plate4Ofav_data.csv,2023-06-21,,,,,,,,,,,,,,,,,,,,,,,,,,
Sample 11,249,A_83,2023-05-15,T1,SCTLD,AH,,ZZ_AP_Plate4Ofav_data,Sample 11_ZZ_AP_Plate4Ofav_data.csv,2023-06-21,,,,,,,,,,,,,,,,,,,,,,,,,,
Sample 1,250,A_82,2023-05-15,T1,SCTLD,AH,5,ZZ_AP_Plate5Ofav_data,Sample 1_ZZ_AP_Plate5Ofav_data.csv,2023-06-22,,,,,,1,2,3,4,5,6,7,8,9,10,11,12,,,,,,,,,
Sample 2,251,C_517,2023-05-15,T1,SCTLD,AH,,ZZ_AP_Plate5Ofav_data,Sample 2_ZZ_AP_Plate5Ofav_data.csv,2023-06-22,,,,Ofav,A,250,251,252,253,254,255,256,257,258,259,260,261,,,,,,,,,
Sample 3,252,D_540,2023-05-15,T1,SCTLD,AH,,ZZ_AP_Plate5Ofav_data,Sample 3_ZZ_AP_Plate5Ofav_data.csv,2023-06-22,,,,,B,,,,,,,,,,,,,,,,,,,,,
Sample 4,253,D_539,2023-05-15,T1,Placebo,AH,,ZZ_AP_Plate5Ofav_data,Sample 4_ZZ_AP_Plate5Ofav_data.csv,2023-06-22,,,,A,C,1,2,3,4,5,6,7,8,9,10,11,12,,,,,,,,,
Sample 5,254,D_871,2023-05-15,T1,Placebo,AH,,ZZ_AP_Plate5Ofav_data,Sample 5_ZZ_AP_Plate5Ofav_data.csv,2023-06-22,,,,,D,,,,,,,,,,,,,,,,,,,,,
Sample 6,255,A_80,2023-05-15,T1,Placebo,AH,,ZZ_AP_Plate5Ofav_data,Sample 6_ZZ_AP_Plate5Ofav_data.csv,2023-06-22,,,,B,E,1,2,3,4,5,6,7,8,9,10,11,12,,,,,,,,,
Sample 7,256,A_201,2023-05-15,T1,Placebo,AH,,ZZ_AP_Plate5Ofav_data,Sample 7_ZZ_AP_Plate5Ofav_data.csv,2023-06-22,,,,,F,,,,,,,,,,,,,,,,,,,,,
Sample 8,257,C_526,2023-05-15,T1,Placebo,AH,,ZZ_AP_Plate5Ofav_data,Sample 8_ZZ_AP_Plate5Ofav_data.csv,2023-06-22,,,,D,G,1,2,3,4,5,6,7,8,9,10,11,12,,,,,,,,,
Sample 9,258,D_547,2023-05-15,T1,Placebo,AH,,ZZ_AP_Plate5Ofav_data,Sample 9_ZZ_AP_Plate5Ofav_data.csv,2023-06-22,,,,,H,,,,,,,,,,,,,,,,,,,,,
Sample 10,259,D_548,2023-05-15,T1,SCTLD,AH,,ZZ_AP_Plate5Ofav_data,Sample 10_ZZ_AP_Plate5Ofav_data.csv,2023-06-22,,,,,,,,,,,,,,,,,,,,,,,,,,
Sample 11,260,C_525,2023-05-15,T1,SCTLD,AH,,ZZ_AP_Plate5Ofav_data,Sample 11_ZZ_AP_Plate5Ofav_data.csv,2023-06-22,,,,,,,,,,,,,,,,,,,,,,,,,,
Sample 12,261,A_202,2023-05-15,T1,SCTLD,AH,,ZZ_AP_Plate5Ofav_data,Sample 12_ZZ_AP_Plate5Ofav_data.csv,2023-06-22,,,,,,,,,,,,,,,,,,,,,,,,,,
Sample 1,262,A_205,2023-05-15,T1,SCTLD,AH,6,ZZ_AP_Plate6Ofav_data,Sample 1_ZZ_AP_Plate6Ofav_data.csv,2023-06-22,,,,,,1,2,3,4,5,6,7,8,9,10,11,12,,,,,,,,,
Sample 2,263,C_527,2023-05-15,T1,SCTLD,AH,,ZZ_AP_Plate6Ofav_data,Sample 2_ZZ_AP_Plate6Ofav_data.csv,2023-06-22,,,,Ofav,A,262,263,264,265,266,267,268,269,270,271,272,NTC,,,,,,,,,
Sample 3,264,D_867,2023-05-15,T1,SCTLD,AH,,ZZ_AP_Plate6Ofav_data,Sample 3_ZZ_AP_Plate6Ofav_data.csv,2023-06-22,,,,,B,,,,,,,,,,,,,,,,,,,,,
Sample 4,265,D_866,2023-05-15,T1,SCTLD,AH,,ZZ_AP_Plate6Ofav_data,Sample 4_ZZ_AP_Plate6Ofav_data.csv,2023-06-22,,,,A,C,1,2,3,4,5,6,7,8,9,10,11,NTC,,,,,,,,,
Sample 5,266,C_528,2023-05-15,T1,SCTLD,AH,,ZZ_AP_Plate6Ofav_data,Sample 5_ZZ_AP_Plate6Ofav_data.csv,2023-06-22,,,,,D,,,,,,,,,,,,,,,,,,,,,
Sample 6,267,A_209,2023-05-15,T1,SCTLD,AH,,ZZ_AP_Plate6Ofav_data,Sample 6_ZZ_AP_Plate6Ofav_data.csv,2023-06-22,,,,B,E,1,2,3,4,5,6,7,8,9,10,11,NTC,,,,,,,,,
Sample 7,268,A_303,2023-05-15,T1,Placebo,AH,,ZZ_AP_Plate6Ofav_data,Sample 7_ZZ_AP_Plate6Ofav_data.csv,2023-06-22,,,,,F,,,,,,,,,,,,,,,,,,,,,
Sample 8,269,A_321,2023-05-15,T1,SCTLD,AH,,ZZ_AP_Plate6Ofav_data,Sample 8_ZZ_AP_Plate6Ofav_data.csv,2023-06-22,,,,D,G,1,2,3,4,5,6,7,8,9,10,11,NTC,,,,,,,,,
Sample 9,270,C_532,2023-05-15,T1,SCTLD,AH,,ZZ_AP_Plate6Ofav_data,Sample 9_ZZ_AP_Plate6Ofav_data.csv,2023-06-22,,,,,H,,,,,,,,,,,,,,,,,,,,,
Sample 10,271,D_862,2023-05-15,T1,SCTLD,AH,,ZZ_AP_Plate6Ofav_data,Sample 10_ZZ_AP_Plate6Ofav_data.csv,2023-06-22,,,,,,,,,,,,,,,,,,,,,,,,,,
Sample 11,272,A_5,2023-05-15,T1,SCTLD,AH,,ZZ_AP_Plate6Ofav_data,Sample 11_ZZ_AP_Plate6Ofav_data.csv,2023-06-22,,,,,,,,,,,,,,,,,,,,,,,,,,
Sample 1,273,C_512,2023-05-15,T1,SCTLD,AH,7,ZZ_AP_Plate7Ofav_data,Sample 1_ZZ_AP_Plate7Ofav_data.csv,2023-06-22,,,,,,1,2,3,4,5,6,7,8,9,10,11,12,,,,,,,,,
Sample 2,274,D_864,2023-05-15,T1,SCTLD,AH,,ZZ_AP_Plate7Ofav_data,Sample 2_ZZ_AP_Plate7Ofav_data.csv,2023-06-22,,,,Ofav,A,273,274,275,276,277,278,279,280,281,282,283,284,,,,,,,,,
Sample 3,275,A_743,2023-05-15,T1,SCTLD,AH,,ZZ_AP_Plate7Ofav_data,Sample 3_ZZ_AP_Plate7Ofav_data.csv,2023-06-22,,,,,B,,,,,,,,,,,,,,,,,,,,,
Sample 4,276,D_863,2023-05-15,T1,SCTLD,AH,,ZZ_AP_Plate7Ofav_data,Sample 4_ZZ_AP_Plate7Ofav_data.csv,2023-06-22,,,,A,C,1,2,3,4,5,6,7,8,9,10,11,12,,,,,,,,,
Sample 5,277,C_533,2023-05-15,T1,SCTLD,AH,,ZZ_AP_Plate7Ofav_data,Sample 5_ZZ_AP_Plate7Ofav_data.csv,2023-06-22,,,,,D,,,,,,,,,,,,,,,,,,,,,
Sample 6,278,A_324,2023-05-15,T1,SCTLD,AH,,ZZ_AP_Plate7Ofav_data,Sample 6_ZZ_AP_Plate7Ofav_data.csv,2023-06-22,,,,B,E,1,2,3,4,5,6,7,8,9,10,11,12,,,,,,,,,
Sample 7,279,A_741,2023-05-15,T1,SCTLD,AH,,ZZ_AP_Plate7Ofav_data,Sample 7_ZZ_AP_Plate7Ofav_data.csv,2023-06-22,,,,,F,,,,,,,,,,,,,,,,,,,,,
Sample 8,280,C_516,2023-05-15,T1,SCTLD,AH,,ZZ_AP_Plate7Ofav_data,Sample 8_ZZ_AP_Plate7Ofav_data.csv,2023-06-22,,,,D,G,1,2,3,4,5,6,7,8,9,10,11,12,,,,,,,,,
Sample 9,281,A_742,2023-05-15,T1,SCTLD,AH,,ZZ_AP_Plate7Ofav_data,Sample 9_ZZ_AP_Plate7Ofav_data.csv,2023-06-22,,,,,H,,,,,,,,,,,,,,,,,,,,,
Sample 10,282,D_872,2023-05-15,T1,SCTLD,AH,,ZZ_AP_Plate7Ofav_data,Sample 10_ZZ_AP_Plate7Ofav_data.csv,2023-06-22,,,,,,,,,,,,,,,,,,,,,,,,,,
Sample 11,283,D_865,2023-05-15,T1,SCTLD,AH,,ZZ_AP_Plate7Ofav_data,Sample 11_ZZ_AP_Plate7Ofav_data.csv,2023-06-22,,,,,,,,,,,,,,,,,,,,,,,,,,
Sample 12,284,Sediment,2023-06-01,T1,SCTLD,AH,,ZZ_AP_Plate7Ofav_data,Sample 12_ZZ_AP_Plate7Ofav_data.csv,2023-06-22,,,,,,,,,,,,,,,,,,,,,,,,,,
Sample 1,285,Sediment,2023-06-01,T1,SCTLD,AH,8,ZZ_AP_Plate8Ofav,Sample 1_ZZ_AP_Plate8Ofav.csv,2023-06-22,,,,,,1,2,3,4,5,6,7,8,9,10,11,12,,,,,,,,,
Sample 2,286,Sediment,2023-06-01,T1,SCTLD,AH,,ZZ_AP_Plate8Ofav,Sample 2_ZZ_AP_Plate8Ofav.csv,2023-06-22,,,,Ofav,A,285,286,210,212,215,216,268,287,288,289,290,NTC,,,,,,,,,
Sample 3,210,A_109,2023-05-15,T1,,AH,,ZZ_AP_Plate8Ofav,Sample 3_ZZ_AP_Plate8Ofav.csv,2023-06-22,,,,,B,,,,,,,,,,,,,,,,,,,,,
Sample 4,212,C_522,2023-05-15,T1,,AH,,ZZ_AP_Plate8Ofav,Sample 4_ZZ_AP_Plate8Ofav.csv,2023-06-22,,,,A,C,1,2,3,4,5,6,7,8,9,10,11,NTC,,,,,,,,,
Sample 5,215,A_107,2023-05-15,T1,,AH,,ZZ_AP_Plate8Ofav,Sample 5_ZZ_AP_Plate8Ofav.csv,2023-06-22,,,,,D,,,,,,,,,,,,,,,,,,,,,
Sample 6,216,C_521,2023-05-15,T1,,AH,,ZZ_AP_Plate8Ofav,Sample 6_ZZ_AP_Plate8Ofav.csv,2023-06-22,,,,B,E,1,2,3,4,5,6,7,8,9,10,11,NTC,,,,,,,,,
Sample 7,268,A_303,2023-05-15,T1,,AH,,ZZ_AP_Plate8Ofav,Sample 7_ZZ_AP_Plate8Ofav.csv,2023-06-22,,,,,F,,,,,,,,,,,,,,,,,,,,,
Sample 8,287,Healthy-tissue-healthy-colony,2023-06-04,T2,Placebo,AH,,ZZ_AP_Plate8Ofav,Sample 8_ZZ_AP_Plate8Ofav.csv,2023-06-22,,,,D,G,1,2,3,4,5,6,7,8,9,10,11,NTC,,,,,,,,,
Sample 9,288,Healthy-tissue-healthy-colony,2023-06-04,T2,Placebo,AH,,ZZ_AP_Plate8Ofav,Sample 9_ZZ_AP_Plate8Ofav.csv,2023-06-22,,,,,H,,,,,,,,,,,,,,,,,,,,,
Sample 10,289,Diseased-tissue-diseased-colony,2023-06-04,T2,SCTLD,Lession,,ZZ_AP_Plate8Ofav,Sample 10_ZZ_AP_Plate8Ofav.csv,2023-06-22,,,,,,,,,,,,,,,,,,,,,,,,,,
Sample 11,290,Diseased-tissue-diseased-colony,2023-06-04,T2,SCTLD,Lession,,ZZ_AP_Plate8Ofav,Sample 11_ZZ_AP_Plate8Ofav.csv,2023-06-22,,,,,,,,,,,,,,,,,,,,,,,,,,
Sample 1,287,Healthy-tissue-healthy-colony,2023-06-04,T2,Placebo,AH,9,TG_AP_Plate9_Ofav,Sample 1_TG_AP_Plate9_Ofav.csv,2023-08-23,,,,,,1,2,3,4,5,6,7,8,9,10,11,12,,,,,,Reactions ,Plates,samples,Replicate 
Sample 2,288,Healthy-tissue-healthy-colony,2023-06-04,T2,Placebo,AH,,TG_AP_Plate9_Ofav,Sample 2_TG_AP_Plate9_Ofav.csv,2023-08-23,,,,Ofav,A,287,288,289,290,291,292,293,294,295,296,297,298,,,Master mix ,,Total for 2 plates + extra,48,2,12,2
Sample 3,289,Diseased-tissue-diseased-colony,2023-06-04,T2,SCTLD,Lession,,TG_AP_Plate9_Ofav,Sample 3_TG_AP_Plate9_Ofav.csv,2023-08-23,,,,,B,,,,,,,,,,,,,,,water,3.94,197,Make 50,,,
Sample 4,290,Diseased-tissue-diseased-colony,2023-06-04,T2,SCTLD,Lession,,TG_AP_Plate9_Ofav,Sample 4_TG_AP_Plate9_Ofav.csv,2023-08-23,,,,A,C,1,2,3,4,5,6,7,8,9,10,11,12,,,sybr,5,250,,,,
Sample 5,291,Healthy-tissue-diseased-colony,2023-06-04,T2,SCTLD,AH,,TG_AP_Plate9_Ofav,Sample 5_TG_AP_Plate9_Ofav.csv,2023-08-23,,,,,D,,,,,,,,,,,,,,,F@100uM,0.03,1.5,,,,
Sample 6,292,Healthy-tissue-diseased-colony,2023-06-04,T2,SCTLD,AH,,TG_AP_Plate9_Ofav,Sample 6_TG_AP_Plate9_Ofav.csv,2023-08-23,,,,B,E,1,2,3,4,5,6,7,8,9,10,11,12,,,R@100uM,0.03,1.5,,,,
Sample 7,293,Diseased-tissue-diseased-colony,2023-06-04,T2,SCTLD,Lession,,TG_AP_Plate9_Ofav,Sample 7_TG_AP_Plate9_Ofav.csv,2023-08-23,,,,,F,,,,,,,,,,,,,,,,9,450,,,,
Sample 8,294,Diseased-tissue-diseased-colony,2023-06-04,T2,SCTLD,Lession,,TG_AP_Plate9_Ofav,Sample 8_TG_AP_Plate9_Ofav.csv,2023-08-23,,,,D,G,1,2,3,4,5,6,7,8,9,10,11,12,,,,,9,,,,
Sample 9,295,Healthy-tissue-diseased-colony,2023-06-04,T2,SCTLD,AH,,TG_AP_Plate9_Ofav,Sample 9_TG_AP_Plate9_Ofav.csv,2023-08-23,,,,,H,,,,,,,,,,,,,,,,Total amount / cell,10,,,,
Sample 10,296,Healthy-tissue-diseased-colony,2023-06-04,T2,SCTLD,AH,,TG_AP_Plate9_Ofav,Sample 10_TG_AP_Plate9_Ofav.csv,2023-08-23,,,,,,,,,,,,,,,,,,,,,(1 microL of DNA),,,,,
Sample 11,297,Diseased-tissue-diseased-colony,2023-06-04,T2,SCTLD,Lession,,TG_AP_Plate9_Ofav,Sample 11_TG_AP_Plate9_Ofav.csv,2023-08-23,,,,,,,,,,,,,,,,,,,,,,,,,,
Sample 12,298,Healthy-tissue-diseased-colony,2023-06-04,T2,SCTLD,AH,,TG_AP_Plate9_Ofav,Sample 12_TG_AP_Plate9_Ofav.csv,2023-08-23,,,,,,,,,,,,,,,,,,,,Adjusted,,,Reactions ,Plates,samples,Replicate 
Sample 1,299,C_529,2023-06-15,T2,SCTLD,AH,10,TG_AP_Plate10_Ofav,Sample 1_TG_AP_Plate10_Ofav.csv,2023-08-24,,,,,,1,2,3,4,5,6,7,8,9,10,11,12,,,Master mix ,,Total for 2 plates + extra,48,2,12,2
Sample 2,300,C_529,2023-06-15,T2,SCTLD,Lession,,TG_AP_Plate10_Ofav,Sample 2_TG_AP_Plate10_Ofav.csv,2023-08-24,,,,Ofav,A,299,300,301,302,303,304,305,306,307,308,309,NTC,,,water,3.94,78.8,Make 20,,,
Sample 3,301,C_530,2023-06-16,T2,SCTLD,AH,,TG_AP_Plate10_Ofav,Sample 3_TG_AP_Plate10_Ofav.csv,2023-08-24,,,,,B,,,,,,,,,,,,,,,sybr,5,100,,,,
Sample 4,302,C_530,2023-06-16,T2,SCTLD,Lession,,TG_AP_Plate10_Ofav,Sample 4_TG_AP_Plate10_Ofav.csv,2023-08-24,,,,A,C,1,2,3,4,5,6,7,8,9,10,11,NTC,,,F@100uM,0.03,0.6,,,,
Sample 5,303,C_531,2023-06-16,T2,SCTLD,AH,,TG_AP_Plate10_Ofav,Sample 5_TG_AP_Plate10_Ofav.csv,2023-08-24,,,,,D,,,,,,,,,,,,,,,R@100uM,0.03,0.6,,,,
Sample 6,304,C_531,2023-06-16,T2,SCTLD,Lession,,TG_AP_Plate10_Ofav,Sample 6_TG_AP_Plate10_Ofav.csv,2023-08-24,,,,B,E,1,2,3,4,5,6,7,8,9,10,11,NTC,,,,9,180,,,,
Sample 7,305,A_107,2023-06-17,T2,SCTLD,AH,,TG_AP_Plate10_Ofav,Sample 7_TG_AP_Plate10_Ofav.csv,2023-08-24,,,,,F,,,,,,,,,,,,,,,,,9,,,,
Sample 8,306,A_107,2023-06-17,T2,SCTLD,Lession,,TG_AP_Plate10_Ofav,Sample 8_TG_AP_Plate10_Ofav.csv,2023-08-24,,,,D,G,1,2,3,4,5,6,7,8,9,10,11,NTC,,,,Total amount / cell,10,,,,
Sample 9,307,C_523,2023-06-17,T2,SCTLD,AH,,TG_AP_Plate10_Ofav,Sample 9_TG_AP_Plate10_Ofav.csv,2023-08-24,,,,,H,,,,,,,,,,,,,,,,(1 microL of DNA),,,,,
Sample 10,308,C_523,2023-06-17,T2,SCTLD,Lession,,TG_AP_Plate10_Ofav,Sample 10_TG_AP_Plate10_Ofav.csv,2023-08-24,,,,,,,,,,,,,,,,,,,,,,,,,,
Sample 11,309,D_546,2023-06-17,T2,SCTLD,AH,,TG_AP_Plate10_Ofav,Sample 11_TG_AP_Plate10_Ofav.csv,2023-08-24,,,,,,,,,,,,,,,,,,,,,,,,,,
Sample 1,310,D_546,2023-06-17,T2,SCTLD,Lession,11,TG_AP_Plate11_Ofav,Sample 1_TG_AP_Plate11_Ofav.csv,2023-08-24,,,,,,1,2,3,4,5,6,7,8,9,10,11,12,,,,,,Reactions ,Plates,samples,Replicate 
Sample 2,311,A_74,2023-06-17,T2,SCTLD,AH,,TG_AP_Plate11_Ofav,Sample 2_TG_AP_Plate11_Ofav.csv,2023-08-24,,,,Ofav,A,310,311,312,313,314,315,316,317,318,319,320,321,,,Master mix ,,Total for 2 plates + extra,48,2,12,2
Sample 3,312,A_74,2023-06-17,T2,SCTLD,Lession,,TG_AP_Plate11_Ofav,Sample 3_TG_AP_Plate11_Ofav.csv,2023-08-24,,,,,B,,,,,,,,,,,,,,,water,3.94,197,Make 50,,,
Sample 4,313,A_79,2023-06-17,T2,SCTLD,AH,,TG_AP_Plate11_Ofav,Sample 4_TG_AP_Plate11_Ofav.csv,2023-08-24,,,,A,C,1,2,3,4,5,6,7,8,9,10,11,12,,,sybr,5,250,,,,
Sample 5,314,A_79,2023-06-17,T2,SCTLD,Lession,,TG_AP_Plate11_Ofav,Sample 5_TG_AP_Plate11_Ofav.csv,2023-08-24,,,,,D,,,,,,,,,,,,,,,F@100uM,0.03,1.5,,,,
Sample 6,315,D_538,2023-06-17,T2,SCTLD,AH,,TG_AP_Plate11_Ofav,Sample 6_TG_AP_Plate11_Ofav.csv,2023-08-24,,,,B,E,1,2,3,4,5,6,7,8,9,10,11,12,,,R@100uM,0.03,1.5,,,,
Sample 7,316,D_538,2023-06-17,T2,SCTLD,Lession,,TG_AP_Plate11_Ofav,Sample 7_TG_AP_Plate11_Ofav.csv,2023-08-24,,,,,F,,,,,,,,,,,,,,,,9,450,,,,
Sample 8,317,C_513,2023-06-18,T2,SCTLD,AH,,TG_AP_Plate11_Ofav,Sample 8_TG_AP_Plate11_Ofav.csv,2023-08-24,,,,D,G,1,2,3,4,5,6,7,8,9,10,11,12,,,,,9,,,,
Sample 9,318,C_513,2023-06-18,T2,SCTLD,Lession,,TG_AP_Plate11_Ofav,Sample 9_TG_AP_Plate11_Ofav.csv,2023-08-24,,,,,H,,,,,,,,,,,,,,,,Total amount / cell,10,,,,
Sample 10,319,D_545,2023-06-18,T2,SCTLD,AH,,TG_AP_Plate11_Ofav,Sample 10_TG_AP_Plate11_Ofav.csv,2023-08-24,,,,,,,,,,,,,,,,,,,,,(1 microL of DNA),,,,,
Sample 11,320,D_545,2023-06-18,T2,SCTLD,Lession,,TG_AP_Plate11_Ofav,Sample 11_TG_AP_Plate11_Ofav.csv,2023-08-24,,,,,,,,,,,,,,,,,,,,,,,,,,
Sample 12,321,D_860,2023-06-18,T2,SCTLD,AH,,TG_AP_Plate11_Ofav,Sample 12_TG_AP_Plate11_Ofav.csv,2023-08-24,,,,,,,,,,,,,,,,,,,,,,,,,,
Sample 1,322,D_860,2023-06-18,T2,SCTLD,Lession,12,TG_AP_Plate12_Ofav,Sample 1_TG_AP_Plate12_Ofav.csv,2023-08-25,,,,,,1,2,3,4,5,6,7,8,9,10,11,12,,,,,,,,,
Sample 2,323,D_861,2023-06-18,T2,SCTLD,AH,,TG_AP_Plate12_Ofav,Sample 2_TG_AP_Plate12_Ofav.csv,2023-08-25,,,,Ofav,A,322,323,324,325,326,327,328,329,330,331,332,NTC,,,,,,,,,
Sample 3,324,D_861,2023-06-18,T2,SCTLD,Lession,,TG_AP_Plate12_Ofav,Sample 3_TG_AP_Plate12_Ofav.csv,2023-08-25,,,,,B,,,,,,,,,,,,,,,,,,,,,
Sample 4,325,A_96,2023-06-19,T2,SCTLD,AH,,TG_AP_Plate12_Ofav,Sample 4_TG_AP_Plate12_Ofav.csv,2023-08-25,,,,A,C,1,2,3,4,5,6,7,8,9,10,11,NTC,,,,,,,,,
Sample 5,326,A_96,2023-06-19,T2,SCTLD,Lession,,TG_AP_Plate12_Ofav,Sample 5_TG_AP_Plate12_Ofav.csv,2023-08-25,,,,,D,,,,,,,,,,,,,,,,,,,,,
Sample 6,327,C_520,2023-06-19,T2,SCTLD,AH,,TG_AP_Plate12_Ofav,Sample 6_TG_AP_Plate12_Ofav.csv,2023-08-25,,,,B,E,1,2,3,4,5,6,7,8,9,10,11,NTC,,,,,,,,,
Sample 7,328,C_520,2023-06-19,T2,SCTLD,Lession,,TG_AP_Plate12_Ofav,Sample 7_TG_AP_Plate12_Ofav.csv,2023-08-25,,,,,F,,,,,,,,,,,,,,,,,,,,,
Sample 8,329,A_121,2023-06-19,T2,SCTLD,AH,,TG_AP_Plate12_Ofav,Sample 8_TG_AP_Plate12_Ofav.csv,2023-08-25,,,,D,G,1,2,3,4,5,6,7,8,9,10,11,NTC,,,,,,,,,
Sample 9,330,A_121,2023-06-19,T2,SCTLD,Lession,,TG_AP_Plate12_Ofav,Sample 9_TG_AP_Plate12_Ofav.csv,2023-08-25,,,,,H,,,,,,,,,,,,,,,,,,,,,
Sample 10,331,A_82,2023-06-20,T2,SCTLD,AH,,TG_AP_Plate12_Ofav,Sample 10_TG_AP_Plate12_Ofav.csv,2023-08-25,,,,,,,,,,,,,,,,,,,,,,,,,,
Sample 11,332,A_82,2023-06-20,T2,SCTLD,Lession,,TG_AP_Plate12_Ofav,Sample 11_TG_AP_Plate12_Ofav.csv,2023-08-25,,,,,,,,,,,,,,,,,,,,,,,,,,
Sample 1,333,A_105,2023-06-20,T2,SCTLD,AH,13,TG_AP_Plate13_Ofav,Sample 1_TG_AP_Plate13_Ofav.csv,2023-08-25,,,,,,1,2,3,4,5,6,7,8,9,10,11,12,,,,,,Reactions ,Plates,samples,Replicate 
Sample 2,334,A_105,2023-06-20,T2,SCTLD,Lession,,TG_AP_Plate13_Ofav,Sample 2_TG_AP_Plate13_Ofav.csv,2023-08-25,,,,Ofav,A,333,334,335,336,337,338,339,340,341,342,343,344,,,Master mix ,,Total for 2 plates + extra,48,2,12,2
Sample 3,335,D_543,2023-06-20,T2,SCTLD,AH,,TG_AP_Plate13_Ofav,Sample 3_TG_AP_Plate13_Ofav.csv,2023-08-25,,,,,B,,,,,,,,,,,,,,,water,3.94,197,Make 50,,,
Sample 4,336,D_543,2023-06-20,T2,SCTLD,Lession,,TG_AP_Plate13_Ofav,Sample 4_TG_AP_Plate13_Ofav.csv,2023-08-25,,,,A,C,1,2,3,4,5,6,7,8,9,10,11,12,,,sybr,5,250,,,,
Sample 5,337,A_111,2023-06-20,T2,SCTLD,AH,,TG_AP_Plate13_Ofav,Sample 5_TG_AP_Plate13_Ofav.csv,2023-08-25,,,,,D,,,,,,,,,,,,,,,F@100uM,0.03,1.5,,,,
Sample 6,338,A_111,2023-06-20,T2,SCTLD,Lession,,TG_AP_Plate13_Ofav,Sample 6_TG_AP_Plate13_Ofav.csv,2023-08-25,,,,B,E,1,2,3,4,5,6,7,8,9,10,11,12,,,R@100uM,0.03,1.5,,,,
Sample 7,339,A_110,2023-06-21,T2,SCTLD,AH,,TG_AP_Plate13_Ofav,Sample 7_TG_AP_Plate13_Ofav.csv,2023-08-25,,,,,F,,,,,,,,,,,,,,,,9,450,,,,
Sample 8,340,A_110,2023-06-21,T2,SCTLD,Lession,,TG_AP_Plate13_Ofav,Sample 8_TG_AP_Plate13_Ofav.csv,2023-08-25,,,,D,G,1,2,3,4,5,6,7,8,9,10,11,12,,,,,9,,,,
Sample 9,341,A_202,2023-06-21,T2,SCTLD,AH,,TG_AP_Plate13_Ofav,Sample 9_TG_AP_Plate13_Ofav.csv,2023-08-25,,,,,H,,,,,,,,,,,,,,,,Total amount / cell,10,,,,
Sample 10,342,A_202,2023-06-21,T2,SCTLD,Lession,,TG_AP_Plate13_Ofav,Sample 10_TG_AP_Plate13_Ofav.csv,2023-08-25,,,,,,,,,,,,,,,,,,,,,(1 microL of DNA),,,,,
Sample 11,343,A_19,2023-06-24,T2,SCTLD,AH,,TG_AP_Plate13_Ofav,Sample 11_TG_AP_Plate13_Ofav.csv,2023-08-25,,,,,,,,,,,,,,,,,,,,,,,,,,
Sample 12,344,A_19,2023-06-24,T2,SCTLD,Lession,,TG_AP_Plate13_Ofav,Sample 12_TG_AP_Plate13_Ofav.csv,2023-08-25,,,,,,,,,,,,,,,,,,,,,,,,,,
Sample 1,345,D_537,2023-06-24,T2,SCTLD,AH,14,TG_AP_Plate14_Ofav,Sample 1_TG_AP_Plate14_Ofav.csv,2023-08-28,,,,,,1,2,3,4,5,6,7,8,9,10,11,12,,,,,,,,,
Sample 2,346,D_537,2023-06-24,T2,SCTLD,Lession,,TG_AP_Plate14_Ofav,Sample 2_TG_AP_Plate14_Ofav.csv,2023-08-28,,,,Ofav,A,345,346,347,348,349,350,351,352,353,354,355,NTC,,,,,,,,,
Sample 3,347,A_109,2023-06-24,T2,SCTLD,AH,,TG_AP_Plate14_Ofav,Sample 3_TG_AP_Plate14_Ofav.csv,2023-08-28,,,,,B,,,,,,,,,,,,,,,,,,,,,
Sample 4,348,A_109,2023-06-24,T2,SCTLD,Lession,,TG_AP_Plate14_Ofav,Sample 4_TG_AP_Plate14_Ofav.csv,2023-08-28,,,,A,C,1,2,3,4,5,6,7,8,9,10,11,NTC,,,,,,,,,
Sample 5,349,D_549,2023-06-24,T2,SCTLD,AH,,TG_AP_Plate14_Ofav,Sample 5_TG_AP_Plate14_Ofav.csv,2023-08-28,,,,,D,,,,,,,,,,,,,,,,,,,,,
Sample 6,350,D_549,2023-06-24,T2,SCTLD,Lession,,TG_AP_Plate14_Ofav,Sample 6_TG_AP_Plate14_Ofav.csv,2023-08-28,,,,B,E,1,2,3,4,5,6,7,8,9,10,11,NTC,,,,,,,,,
Sample 7,351,A_740,2023-06-24,T2,Placebo,AH,,TG_AP_Plate14_Ofav,Sample 7_TG_AP_Plate14_Ofav.csv,2023-08-28,,,,,F,,,,,,,,,,,,,,,,,,,,,
Sample 8,352,C_534,2023-06-24,T2,Placebo,AH,,TG_AP_Plate14_Ofav,Sample 8_TG_AP_Plate14_Ofav.csv,2023-08-28,,,,D,G,1,2,3,4,5,6,7,8,9,10,11,NTC,,,,,,,,,
Sample 9,353,D_535,2023-06-24,T2,Placebo,AH,,TG_AP_Plate14_Ofav,Sample 9_TG_AP_Plate14_Ofav.csv,2023-08-28,,,,,H,,,,,,,,,,,,,,,,,,,,,
Sample 10,354,A_80,2023-06-24,T2,Placebo,AH,,TG_AP_Plate14_Ofav,Sample 10_TG_AP_Plate14_Ofav.csv,2023-08-28,,,,,,,,,,,,,,,,,,,,,,,,,,
Sample 11,355,D_871,2023-06-24,T2,Placebo,AH,,TG_AP_Plate14_Ofav,Sample 11_TG_AP_Plate14_Ofav.csv,2023-08-28,,,,,,,,,,,,,,,,,,,,,,,,,,
Sample 1,356,D_539,2023-06-24,T2,Placebo,AH,15,TG_AP_Plate15_Ofav,Sample 1_TG_AP_Plate15_Ofav.csv,2023-08-28,,,,,,1,2,3,4,5,6,7,8,9,10,11,12,,,,,,Reactions ,Plates,samples,Replicate 
Sample 2,357,A_201,2023-06-24,T2,Placebo,AH,,TG_AP_Plate15_Ofav,Sample 2_TG_AP_Plate15_Ofav.csv,2023-08-28,,,,Ofav,A,356,357,358,359,360,361,362,363,364,365,366,367,,,Master mix ,,Total for 2 plates + extra,48,2,12,2
Sample 3,358,C_526,2023-06-24,T2,Placebo,AH,,TG_AP_Plate15_Ofav,Sample 3_TG_AP_Plate15_Ofav.csv,2023-08-28,,,,,B,,,,,,,,,,,,,,,water,3.94,197,Make 50,,,
Sample 4,359,D_547,2023-06-24,T2,Placebo,AH,,TG_AP_Plate15_Ofav,Sample 4_TG_AP_Plate15_Ofav.csv,2023-08-28,,,,A,C,1,2,3,4,5,6,7,8,9,10,11,12,,,sybr,5,250,,,,
Sample 5,360,A_214,2023-06-24,T2,Placebo,AH,,TG_AP_Plate15_Ofav,Sample 5_TG_AP_Plate15_Ofav.csv,2023-08-28,,,,,D,,,,,,,,,,,,,,,F@100uM,0.03,1.5,,,,
Sample 6,361,C_511,2023-06-24,T2,Placebo,AH,,TG_AP_Plate15_Ofav,Sample 6_TG_AP_Plate15_Ofav.csv,2023-08-28,,,,B,E,1,2,3,4,5,6,7,8,9,10,11,12,,,R@100uM,0.03,1.5,,,,
Sample 7,362,D_868,2023-06-24,T2,Placebo,AH,,TG_AP_Plate15_Ofav,Sample 7_TG_AP_Plate15_Ofav.csv,2023-08-28,,,,,F,,,,,,,,,,,,,,,,9,450,,,,
Sample 8,363,D_873,2023-06-24,T2,Placebo,AH,,TG_AP_Plate15_Ofav,Sample 8_TG_AP_Plate15_Ofav.csv,2023-08-28,,,,D,G,1,2,3,4,5,6,7,8,9,10,11,12,,,,,9,,,,
Sample 9,364,D_536,2023-06-24,T2,SCTLD,AH,,TG_AP_Plate15_Ofav,Sample 9_TG_AP_Plate15_Ofav.csv,2023-08-28,,,,,H,,,,,,,,,,,,,,,,Total amount / cell,10,,,,
Sample 10,365,C_514,2023-06-24,T2,SCTLD,AH,,TG_AP_Plate15_Ofav,Sample 10_TG_AP_Plate15_Ofav.csv,2023-08-28,,,,,,,,,,,,,,,,,,,,,(1 microL of DNA),,,,,
Sample 11,366,C_515,2023-06-24,T2,SCTLD,AH,,TG_AP_Plate15_Ofav,Sample 11_TG_AP_Plate15_Ofav.csv,2023-08-28,,,,,,,,,,,,,,,,,,,,,,,,,,
Sample 12,367,C_517,2023-06-24,T2,SCTLD,AH,,TG_AP_Plate15_Ofav,Sample 12_TG_AP_Plate15_Ofav.csv,2023-08-28,,,,,,,,,,,,,,,,,,,,,,,,,,
Sample 1,368,D_540,2023-06-24,T2,SCTLD,AH,16,TG_AP_Plate16_Ofav,Sample 1_TG_AP_Plate16_Ofav.csv,2023-08-29,,,,,,1,2,3,4,5,6,7,8,9,10,11,12,,,,,,,,,
Sample 2,369,A_83,2023-06-24,T2,SCTLD,AH,,TG_AP_Plate16_Ofav,Sample 2_TG_AP_Plate16_Ofav.csv,2023-08-29,,,,Ofav,A,368,369,370,371,372,373,374,375,376,377,378,NTC,,,,,,,,,
Sample 3,370,C_518,2023-06-24,T2,SCTLD,AH,,TG_AP_Plate16_Ofav,Sample 3_TG_AP_Plate16_Ofav.csv,2023-08-29,,,,,B,,,,,,,,,,,,,,,,,,,,,
Sample 4,371,D_541,2023-06-24,T2,SCTLD,AH,,TG_AP_Plate16_Ofav,Sample 4_TG_AP_Plate16_Ofav.csv,2023-08-29,,,,A,C,1,2,3,4,5,6,7,8,9,10,11,NTC,,,,,,,,,
Sample 5,372,C_519,2023-06-24,T2,SCTLD,AH,,TG_AP_Plate16_Ofav,Sample 5_TG_AP_Plate16_Ofav.csv,2023-08-29,,,,,D,,,,,,,,,,,,,,,,,,,,,
Sample 6,373,D_542,2023-06-24,T2,SCTLD,AH,,TG_AP_Plate16_Ofav,Sample 6_TG_AP_Plate16_Ofav.csv,2023-08-29,,,,B,E,1,2,3,4,5,6,7,8,9,10,11,NTC,,,,,,,,,
Sample 7,374,C_525,2023-06-24,T2,SCTLD,AH,,TG_AP_Plate16_Ofav,Sample 7_TG_AP_Plate16_Ofav.csv,2023-08-29,,,,,F,,,,,,,,,,,,,,,,,,,,,
Sample 8,375,D_548,2023-06-24,T2,SCTLD,AH,,TG_AP_Plate16_Ofav,Sample 8_TG_AP_Plate16_Ofav.csv,2023-08-29,,,,D,G,1,2,3,4,5,6,7,8,9,10,11,NTC,,,,,,,,,
Sample 9,376,A_205,2023-06-24,T2,SCTLD,AH,,TG_AP_Plate16_Ofav,Sample 9_TG_AP_Plate16_Ofav.csv,2023-08-29,,,,,H,,,,,,,,,,,,,,,,,,,,,
Sample 10,377,C_527,2023-06-24,T2,SCTLD,AH,,TG_AP_Plate16_Ofav,Sample 10_TG_AP_Plate16_Ofav.csv,2023-08-29,,,,,,,,,,,,,,,,,,,,,,,,,,
Sample 11,378,D_867,2023-06-24,T2,SCTLD,AH,,TG_AP_Plate16_Ofav,Sample 11_TG_AP_Plate16_Ofav.csv,2023-08-29,,,,,,,,,,,,,,,,,,,,,,,,,,
Sample 1,379,A_209,2023-06-24,T2,SCTLD,AH,17,TG_AP_Plate17_Ofav,Sample 1_TG_AP_Plate17_Ofav.csv,2023-08-29,,,,,,1,2,3,4,5,6,7,8,9,10,11,12,,,,,,Reactions ,Plates,samples,Replicate 
Sample 2,380,C_528,2023-06-24,T2,SCTLD,AH,,TG_AP_Plate17_Ofav,Sample 2_TG_AP_Plate17_Ofav.csv,2023-08-29,,,,Ofav,A,379,380,381,382,383,384,385,386,387,388,389,390,,,Master mix ,,Total for 2 plates + extra,48,2,12,2
Sample 3,381,D_866,2023-06-24,T2,SCTLD,AH,,TG_AP_Plate17_Ofav,Sample 3_TG_AP_Plate17_Ofav.csv,2023-08-29,,,,,B,,,,,,,,,,,,,,,water,3.94,197,Make 50,,,
Sample 4,382,A_287,2023-06-24,T2,SCTLD,AH,,TG_AP_Plate17_Ofav,Sample 4_TG_AP_Plate17_Ofav.csv,2023-08-29,,,,A,C,1,2,3,4,5,6,7,8,9,10,11,12,,,sybr,5,250,,,,
Sample 5,383,A_305,2023-06-24,T2,SCTLD,AH,,TG_AP_Plate17_Ofav,Sample 5_TG_AP_Plate17_Ofav.csv,2023-08-29,,,,,D,,,,,,,,,,,,,,,F@100uM,0.03,1.5,,,,
Sample 6,384,A_310,2023-06-24,T2,SCTLD,AH,,TG_AP_Plate17_Ofav,Sample 6_TG_AP_Plate17_Ofav.csv,2023-08-29,,,,B,E,1,2,3,4,5,6,7,8,9,10,11,12,,,R@100uM,0.03,1.5,,,,
Sample 7,385,C_521,2023-06-24,T2,SCTLD,AH,,TG_AP_Plate17_Ofav,Sample 7_TG_AP_Plate17_Ofav.csv,2023-08-29,,,,,F,,,,,,,,,,,,,,,,9,450,,,,
Sample 8,386,D_544,2023-06-24,T2,SCTLD,AH,,TG_AP_Plate17_Ofav,Sample 8_TG_AP_Plate17_Ofav.csv,2023-08-29,,,,D,G,1,2,3,4,5,6,7,8,9,10,11,12,,,,,9,,,,
Sample 9,387,C_522,2023-06-24,T2,SCTLD,AH,,TG_AP_Plate17_Ofav,Sample 9_TG_AP_Plate17_Ofav.csv,2023-08-29,,,,,H,,,,,,,,,,,,,,,,Total amount / cell,10,,,,
Sample 10,388,C_524,2023-06-24,T2,SCTLD,AH,,TG_AP_Plate17_Ofav,Sample 10_TG_AP_Plate17_Ofav.csv,2023-08-29,,,,,,,,,,,,,,,,,,,,,(1 microL of DNA),,,,,
Sample 11,389,A_109,2023-07-24,T3,SCTLD,AH,,TG_AP_Plate17_Ofav,Sample 11_TG_AP_Plate17_Ofav.csv,2023-08-29,,,,,,,,,,,,,,,,,,,,,,,,,,
Sample 12,390,A_109,2023-07-24,T3,SCTLD,Lession,,TG_AP_Plate17_Ofav,Sample 12_TG_AP_Plate17_Ofav.csv,2023-08-29,,,,,,,,,,,,,,,,,,,,,,,,,,
Sample 1,391,Acropora,2023-07-26,,,,18,TG_AP_Plate18_Ofav,Sample 1_TG_AP_Plate18_Ofav.csv,2023-10-17,,,,,,1,2,3,4,5,6,7,8,9,10,11,12,,,,,,Reactions ,Plates,samples,Replicate 
Sample 2,392,Acropora,2023-07-26,,,,,TG_AP_Plate18_Ofav,Sample 2_TG_AP_Plate18_Ofav.csv,2023-10-17,,,,Ofav,A,391,392,393,304,305,306,318,324,391,392,393,304,C,,Master mix ,,Total for 2 plates + extra,48,2,12,2
Sample 3,393,Acropora,2023-07-26,,,,,TG_AP_Plate18_Ofav,Sample 3_TG_AP_Plate18_Ofav.csv,2023-10-17,,,,,B,,,,,,,,,,,,,C,,water,3.94,197,Make 50,,,
Sample 4,304,C_531,2023-06-16,T2,SCTLD,Lession,,TG_AP_Plate18_Ofav,Sample 4_TG_AP_Plate18_Ofav.csv,2023-10-17,,,,A,C,1,2,3,4,5,6,7,8,1,2,3,4,,,sybr,5,250,,,,
Sample 5,305,A_107,2023-06-17,T2,SCTLD,AH,,TG_AP_Plate18_Ofav,Sample 5_TG_AP_Plate18_Ofav.csv,2023-10-17,,,,,D,,,,,,,,,,,,,,,F@100uM,0.03,1.5,,,,
Sample 6,306,A_107,2023-06-17,T2,SCTLD,Lession,,TG_AP_Plate18_Ofav,Sample 6_TG_AP_Plate18_Ofav.csv,2023-10-17,,,,B,E,1,2,3,4,5,6,7,8,305,306,318,324,C,,R@100uM,0.03,1.5,,,,
Sample 7,318,C_513,2023-06-18,T2,SCTLD,Lession,,TG_AP_Plate18_Ofav,Sample 7_TG_AP_Plate18_Ofav.csv,2023-10-17,,,,,F,,,,,,,,,,,,,C,,,9,450,,,,
Sample 8,324,D_861,2023-06-18,T2,SCTLD,Lession,,TG_AP_Plate18_Ofav,Sample 8_TG_AP_Plate18_Ofav.csv,2023-10-17,,,,D,G,1,2,3,4,5,6,7,8,5,6,7,8,,,,,9,,,,
Sample 9,,,,,,,,,,,,,,,H,,,,,,,,,,,,,,,,Total amount / cell,10,,,,
Sample 10,,,,,,,,,,,,,,,,,,,,,,,,,,,,,,,(1 microL of DNA),,,,,
Sample 11,,,,,,,,,,,,,,,,,,,,,,,,,,,,,,,,,,,,
Sample 12,,,,,,,,,,,,,,,,,,,,,,,,,,,,,,,,,,,,
Sample 1,,,,,,,,,,,,,,,,,,,,,,,,,,,,,,,,,,,,
Sample 2,,,,,,,,,,,,,,,,,,,,,,,,,,,,,,,,,,,,
Sample 3,,,,,,,,,,,,,,,,,,,,,,,,,,,,,,,,,,,,
Sample 4,,,,,,,,,,,,,,,,,,,,,,,,,,,,,,,,,,,,
Sample 5,,,,,,,,,,,,,,,,,,,,,,,,,,,,,,,,,,,,
Sample 6,,,,,,,,,,,,,,,,,,,,,,,,,,,,,,,,,,,,
Sample 7,,,,,,,,,,,,,,,,,,,,,,,,,,,,,,,,,,,,
Sample 8,,,,,,,,,,,,,,,,,,,,,,,,,,,,,,,,,,,,
Sample 9,,,,,,,,,,,,,,,,,,,,,,,,,,,,,,,,,,,,
Sample 10,,,,,,,,,,,,,,,,,,,,,,,,,,,,,,,,,,,,
Sample 11,,,,,,,,,,,,,,,,,,,,,,,,,,,,,,,,,,,,
Sample 1,,,,,,,,,,,,,,,,,,,,,,,,,,,,,,,,,,,,
Sample 2,,,,,,,,,,,,,,,,,,,,,,,,,,,,,,,,,,,,
Sample 3,,,,,,,,,,,,,,,,,,,,,,,,,,,,,,,,,,,,
Sample 4,,,,,,,,,,,,,,,,,,,,,,,,,,,,,,,,,,,,
Sample 5,,,,,,,,,,,,,,,,,,,,,,,,,,,,,,,,,,,,
Sample 6,,,,,,,,,,,,,,,,,,,,,,,,,,,,,,,,,,,,
Sample 7,,,,,,,,,,,,,,,,,,,,,,,,,,,,,,,,,,,,
Sample 8,,,,,,,,,,,,,,,,,,,,,,,,,,,,,,,,,,,,
Sample 9,,,,,,,,,,,,,,,,,,,,,,,,,,,,,,,,,,,,
Sample 10,,,,,,,,,,,,,,,,,,,,,,,,,,,,,,,,,,,,
Sample 11,,,,,,,,,,,,,,,,,,,,,,,,,,,,,,,,,,,,
Sample 12,,,,,,,,,,,,,,,,,,,,,,,,,,,,,,,,,,,,
Sample 1,,,,,,,,,,,,,,,,,,,,,,,,,,,,,,,,,,,,
Sample 2,,,,,,,,,,,,,,,,,,,,,,,,,,,,,,,,,,,,
Sample 3,,,,,,,,,,,,,,,,,,,,,,,,,,,,,,,,,,,,
Sample 4,,,,,,,,,,,,,,,,,,,,,,,,,,,,,,,,,,,,
Sample 5,,,,,,,,,,,,,,,,,,,,,,,,,,,,,,,,,,,,
Sample 6,,,,,,,,,,,,,,,,,,,,,,,,,,,,,,,,,,,,
Sample 7,,,,,,,,,,,,,,,,,,,,,,,,,,,,,,,,,,,,
Sample 8,,,,,,,,,,,,,,,,,,,,,,,,,,,,,,,,,,,,
Sample 9,,,,,,,,,,,,,,,,,,,,,,,,,,,,,,,,,,,,
Sample 10,,,,,,,,,,,,,,,,,,,,,,,,,,,,,,,,,,,,
Sample 11,,,,,,,,,,,,,,,,,,,,,,,,,,,,,,,,,,,,
Sample 1,,,,,,,,,,,,,,,,,,,,,,,,,,,,,,,,,,,,
Sample 2,,,,,,,,,,,,,,,,,,,,,,,,,,,,,,,,,,,,
Sample 3,,,,,,,,,,,,,,,,,,,,,,,,,,,,,,,,,,,,
Sample 4,,,,,,,,,,,,,,,,,,,,,,,,,,,,,,,,,,,,
Sample 5,,,,,,,,,,,,,,,,,,,,,,,,,,,,,,,,,,,,
Sample 6,,,,,,,,,,,,,,,,,,,,,,,,,,,,,,,,,,,,
Sample 7,,,,,,,,,,,,,,,,,,,,,,,,,,,,,,,,,,,,
Sample 8,,,,,,,,,,,,,,,,,,,,,,,,,,,,,,,,,,,,
Sample 9,,,,,,,,,,,,,,,,,,,,,,,,,,,,,,,,,,,,
Sample 10,,,,,,,,,,,,,,,,,,,,,,,,,,,,,,,,,,,,
Sample 11,,,,,,,,,,,,,,,,,,,,,,,,,,,,,,,,,,,,
Sample 12,,,,,,,,,,,,,,,,,,,,,,,,,,,,,,,,,,,,
Sample 1,,,,,,,,,,,,,,,,,,,,,,,,,,,,,,,,,,,,
Sample 2,,,,,,,,,,,,,,,,,,,,,,,,,,,,,,,,,,,,
Sample 3,,,,,,,,,,,,,,,,,,,,,,,,,,,,,,,,,,,,
Sample 4,,,,,,,,,,,,,,,,,,,,,,,,,,,,,,,,,,,,
Sample 5,,,,,,,,,,,,,,,,,,,,,,,,,,,,,,,,,,,,
Sample 6,,,,,,,,,,,,,,,,,,,,,,,,,,,,,,,,,,,,
Sample 7,,,,,,,,,,,,,,,,,,,,,,,,,,,,,,,,,,,,
Sample 8,,,,,,,,,,,,,,,,,,,,,,,,,,,,,,,,,,,,
Sample 9,,,,,,,,,,,,,,,,,,,,,,,,,,,,,,,,,,,,
Sample 10,,,,,,,,,,,,,,,,,,,,,,,,,,,,,,,,,,,,
Sample 11,,,,,,,,,,,,,,,,,,,,,,,,,,,,,,,,,,,,
Sample 1,,,,,,,,,,,,,,,,,,,,,,,,,,,,,,,,,,,,
Sample 2,,,,,,,,,,,,,,,,,,,,,,,,,,,,,,,,,,,,
Sample 3,,,,,,,,,,,,,,,,,,,,,,,,,,,,,,,,,,,,
Sample 4,,,,,,,,,,,,,,,,,,,,,,,,,,,,,,,,,,,,
Sample 5,,,,,,,,,,,,,,,,,,,,,,,,,,,,,,,,,,,,
Sample 6,,,,,,,,,,,,,,,,,,,,,,,,,,,,,,,,,,,,
Sample 7,,,,,,,,,,,,,,,,,,,,,,,,,,,,,,,,,,,,
Sample 8,,,,,,,,,,,,,,,,,,,,,,,,,,,,,,,,,,,,
Sample 9,,,,,,,,,,,,,,,,,,,,,,,,,,,,,,,,,,,,
Sample 10,,,,,,,,,,,,,,,,,,,,,,,,,,,,,,,,,,,,
Sample 11,,,,,,,,,,,,,,,,,,,,,,,,,,,,,,,,,,,,
Sample 12,,,,,,,,,,,,,,,,,,,,,,,,,,,,,,,,,,,,
Sample 1,,,,,,,,,,,,,,,,,,,,,,,,,,,,,,,,,,,,
Sample 2,,,,,,,,,,,,,,,,,,,,,,,,,,,,,,,,,,,,
Sample 3,,,,,,,,,,,,,,,,,,,,,,,,,,,,,,,,,,,,
Sample 4,,,,,,,,,,,,,,,,,,,,,,,,,,,,,,,,,,,,
Sample 5,,,,,,,,,,,,,,,,,,,,,,,,,,,,,,,,,,,,
Sample 6,,,,,,,,,,,,,,,,,,,,,,,,,,,,,,,,,,,,
Sample 7,,,,,,,,,,,,,,,,,,,,,,,,,,,,,,,,,,,,
Sample 8,,,,,,,,,,,,,,,,,,,,,,,,,,,,,,,,,,,,
Sample 9,,,,,,,,,,,,,,,,,,,,,,,,,,,,,,,,,,,,
Sample 10,,,,,,,,,,,,,,,,,,,,,,,,,,,,,,,,,,,,
Sample 11,,,,,,,,,,,,,,,,,,,,,,,,,,,,,,,,,,,,
Sample 1,,,,,,,,,,,,,,,,,,,,,,,,,,,,,,,,,,,,
Sample 2,,,,,,,,,,,,,,,,,,,,,,,,,,,,,,,,,,,,
Sample 3,,,,,,,,,,,,,,,,,,,,,,,,,,,,,,,,,,,,
Sample 4,,,,,,,,,,,,,,,,,,,,,,,,,,,,,,,,,,,,
Sample 5,,,,,,,,,,,,,,,,,,,,,,,,,,,,,,,,,,,,
Sample 6,,,,,,,,,,,,,,,,,,,,,,,,,,,,,,,,,,,,
Sample 7,,,,,,,,,,,,,,,,,,,,,,,,,,,,,,,,,,,,
Sample 8,,,,,,,,,,,,,,,,,,,,,,,,,,,,,,,,,,,,
Sample 9,,,,,,,,,,,,,,,,,,,,,,,,,,,,,,,,,,,,
Sample 10,,,,,,,,,,,,,,,,,,,,,,,,,,,,,,,,,,,,
Sample 11,,,,,,,,,,,,,,,,,,,,,,,,,,,,,,,,,,,,
Sample 12,,,,,,,,,,,,,,,,,,,,,,,,,,,,,,,,,,,,
Sample 1,,,,,,,,,,,,,,,,,,,,,,,,,,,,,,,,,,,,
Sample 2,,,,,,,,,,,,,,,,,,,,,,,,,,,,,,,,,,,,
Sample 3,,,,,,,,,,,,,,,,,,,,,,,,,,,,,,,,,,,,
Sample 4,,,,,,,,,,,,,,,,,,,,,,,,,,,,,,,,,,,,
Sample 5,,,,,,,,,,,,,,,,,,,,,,,,,,,,,,,,,,,,
Sample 6,,,,,,,,,,,,,,,,,,,,,,,,,,,,,,,,,,,,
Sample 7,,,,,,,,,,,,,,,,,,,,,,,,,,,,,,,,,,,,
Sample 8,,,,,,,,,,,,,,,,,,,,,,,,,,,,,,,,,,,,
Sample 9,,,,,,,,,,,,,,,,,,,,,,,,,,,,,,,,,,,,
Sample 10,,,,,,,,,,,,,,,,,,,,,,,,,,,,,,,,,,,,
Sample 11,,,,,,,,,,,,,,,,,,,,,,,,,,,,,,,,,,,,